"table_name","ordinal_position","column_name","sql_type","nullable","is_pk","foreign_key_target","default_expression","description"
"audit_logs","1","id","uuid","false","true","","gen_random_uuid()",""
"audit_logs","2","actor_id","uuid","true","false","public.profiles.id","",""
"audit_logs","3","actor_role","user_role","true","false","","",""
"audit_logs","4","event_type","text","false","false","","",""
"audit_logs","5","entity_type","text","false","false","","",""
"audit_logs","6","entity_id","uuid","false","false","","",""
"audit_logs","7","old_value","jsonb","true","false","","",""
"audit_logs","8","new_value","jsonb","true","false","","",""
"audit_logs","9","reason","text","true","false","","",""
"audit_logs","10","ip_hash","text","true","false","","",""
"audit_logs","11","correlation_id","uuid","false","false","","",""
"audit_logs","12","created_at","timestamp with time zone","false","false","","timezone('utc'::text, now())",""
"audit_logs","13","actor_type","text","false","false","","'USER'::text",""
"bag_records","1","id","uuid","false","true","","gen_random_uuid()",""
"bag_records","2","order_id","uuid","false","false","public.orders.id","",""
"bag_records","3","bag_code","text","false","false","","",""
"bag_records","4","expected_count","integer","false","false","","",""
"bag_records","5","received_count","integer","true","false","","",""
"bag_records","6","verified_by","uuid","true","false","public.profiles.id","",""
"bag_records","7","verified_at","timestamp with time zone","true","false","","",""
"bag_records","8","created_at","timestamp with time zone","false","false","","timezone('utc'::text, now())",""
"complaint_events","1","id","uuid","false","true","","gen_random_uuid()",""
"complaint_events","2","complaint_id","uuid","false","false","public.complaints.id","",""
"complaint_events","3","type","text","false","false","","",""
"complaint_events","4","actor_id","uuid","false","false","public.profiles.id","",""
"complaint_events","5","actor_role","user_role","false","false","","",""
"complaint_events","6","visibility","text","false","false","","'CUSTOMER'::text",""
"complaint_events","7","from_status","complaint_status","true","false","","",""
"complaint_events","8","to_status","complaint_status","false","false","","",""
"complaint_events","9","message","text","false","false","","",""
"complaint_events","10","metadata","jsonb","false","false","","'{}'::jsonb",""
"complaint_events","11","correlation_id","uuid","false","false","","",""
"complaint_events","12","created_at","timestamp with time zone","false","false","","timezone('utc'::text, now())",""
"complaints","1","id","uuid","false","true","","gen_random_uuid()",""
"complaints","2","order_id","uuid","false","false","public.orders.id","",""
"complaints","3","customer_id","uuid","false","false","public.profiles.id","",""
"complaints","4","category","complaint_category","false","false","","",""
"complaints","5","description","text","false","false","","",""
"complaints","6","status","complaint_status","false","false","","'OPEN'::complaint_status",""
"complaints","7","priority","complaint_priority","false","false","","'NORMAL'::complaint_priority",""
"complaints","8","version","integer","false","false","","1",""
"complaints","9","assigned_admin_id","uuid","true","false","public.profiles.id","",""
"complaints","10","sla_due_at","timestamp with time zone","true","false","","",""
"complaints","11","sla_paused_at","timestamp with time zone","true","false","","",""
"complaints","12","sla_remaining_seconds","integer","true","false","","",""
"complaints","13","sla_total_paused_seconds","integer","false","false","","0",""
"complaints","14","sla_pause_reason","text","true","false","","",""
"complaints","15","resolution_outcome","complaint_resolution_outcome","true","false","","",""
"complaints","16","resolution_reason","text","true","false","","",""
"complaints","17","resolution_next_action","text","true","false","","",""
"complaints","18","resolved_at","timestamp with time zone","true","false","","",""
"complaints","19","closed_at","timestamp with time zone","true","false","","",""
"complaints","20","reopen_count","integer","false","false","","0",""
"complaints","21","created_at","timestamp with time zone","false","false","","timezone('utc'::text, now())",""
"complaints","22","updated_at","timestamp with time zone","false","false","","timezone('utc'::text, now())",""
"condition_records","1","id","uuid","false","true","","gen_random_uuid()",""
"condition_records","2","order_id","uuid","false","false","public.orders.id","",""
"condition_records","3","condition_code","text","false","false","","",""
"condition_records","4","description","text","true","false","","",""
"condition_records","5","needs_approval","boolean","false","false","","false",""
"condition_records","6","created_by","uuid","false","false","public.profiles.id","",""
"condition_records","7","created_at","timestamp with time zone","false","false","","timezone('utc'::text, now())",""
"customer_addresses","1","id","uuid","false","true","","gen_random_uuid()",""
"customer_addresses","2","customer_id","uuid","false","false","public.profiles.id","",""
"customer_addresses","3","label","text","false","false","","",""
"customer_addresses","4","address_text","text","false","false","","",""
"customer_addresses","5","latitude","numeric(9,6)","false","false","","",""
"customer_addresses","6","longitude","numeric(9,6)","false","false","","",""
"customer_addresses","7","service_area_id","uuid","false","false","public.service_areas.id","",""
"customer_addresses","8","notes","text","true","false","","",""
"customer_addresses","9","is_default","boolean","false","false","","false",""
"customer_addresses","10","created_at","timestamp with time zone","false","false","","timezone('utc'::text, now())",""
"customer_addresses","11","updated_at","timestamp with time zone","false","false","","timezone('utc'::text, now())",""
"domain_outbox","1","id","uuid","false","true","","gen_random_uuid()",""
"domain_outbox","2","event_type","text","false","false","","",""
"domain_outbox","3","aggregate_type","text","false","false","","",""
"domain_outbox","4","aggregate_id","uuid","false","false","","",""
"domain_outbox","5","payload","jsonb","false","false","","",""
"domain_outbox","6","dedupe_key","text","false","false","","",""
"domain_outbox","7","occurred_at","timestamp with time zone","false","false","","timezone('utc'::text, now())",""
"domain_outbox","8","published_at","timestamp with time zone","true","false","","",""
"invoice_items","1","id","uuid","false","true","","gen_random_uuid()",""
"invoice_items","2","invoice_id","uuid","false","false","public.invoices.id","",""
"invoice_items","3","type","text","false","false","","",""
"invoice_items","4","description","text","false","false","","",""
"invoice_items","5","qty","numeric(10,2)","false","false","","",""
"invoice_items","6","unit_price","numeric(14,2)","false","false","","",""
"invoice_items","7","amount","numeric(14,2)","false","false","","",""
"invoice_items","8","source_ref","uuid","false","false","public.order_items.id","",""
"invoice_items","9","created_at","timestamp with time zone","false","false","","timezone('utc'::text, now())",""
"invoices","1","id","uuid","false","true","","gen_random_uuid()",""
"invoices","2","order_id","uuid","false","false","public.orders.id","",""
"invoices","3","invoice_no","text","false","false","","",""
"invoices","4","status","text","false","false","","'ISSUED'::text",""
"invoices","5","subtotal","numeric(14,2)","false","false","","",""
"invoices","6","discount","numeric(14,2)","false","false","","0",""
"invoices","7","surcharge","numeric(14,2)","false","false","","0",""
"invoices","8","tax","numeric(14,2)","false","false","","0",""
"invoices","9","total","numeric(14,2)","false","false","","",""
"invoices","10","currency","text","false","false","","'IDR'::text",""
"invoices","11","pricing_snapshot","jsonb","false","false","","",""
"invoices","12","issued_at","timestamp with time zone","false","false","","",""
"invoices","13","paid_at","timestamp with time zone","true","false","","",""
"invoices","14","created_at","timestamp with time zone","false","false","","timezone('utc'::text, now())",""
"laundry_processes","1","id","uuid","false","true","","gen_random_uuid()",""
"laundry_processes","2","order_id","uuid","false","false","public.orders.id","",""
"laundry_processes","3","stage","process_stage","false","false","","",""
"laundry_processes","4","status","process_status","false","false","","'PENDING'::process_status",""
"laundry_processes","5","started_at","timestamp with time zone","true","false","","",""
"laundry_processes","6","completed_at","timestamp with time zone","true","false","","",""
"laundry_processes","7","operator_id","uuid","true","false","public.profiles.id","",""
"laundry_processes","8","note","text","true","false","","",""
"laundry_processes","9","created_at","timestamp with time zone","false","false","","timezone('utc'::text, now())",""
"laundry_processes","10","updated_at","timestamp with time zone","false","false","","timezone('utc'::text, now())",""
"location_sessions","1","id","uuid","false","true","","gen_random_uuid()",""
"location_sessions","2","task_id","uuid","false","false","public.pickup_delivery_tasks.id","",""
"location_sessions","3","admin_id","uuid","false","false","public.profiles.id","",""
"location_sessions","4","started_at","timestamp with time zone","false","false","","timezone('utc'::text, now())",""
"location_sessions","5","last_seen_at","timestamp with time zone","true","false","","",""
"location_sessions","6","expires_at","timestamp with time zone","false","false","","",""
"location_sessions","7","stopped_at","timestamp with time zone","true","false","","",""
"location_sessions","8","stop_reason","text","true","false","","",""
"location_sessions","9","last_accepted_sequence","bigint","false","false","","0",""
"location_sessions","10","created_at","timestamp with time zone","false","false","","timezone('utc'::text, now())",""
"location_sessions","11","updated_at","timestamp with time zone","false","false","","timezone('utc'::text, now())",""
"notifications","1","id","uuid","false","true","","gen_random_uuid()",""
"notifications","2","user_id","uuid","false","false","public.profiles.id","",""
"notifications","3","type","text","false","false","","",""
"notifications","4","title","text","false","false","","",""
"notifications","5","body","text","false","false","","",""
"notifications","6","entity_type","text","false","false","","",""
"notifications","7","entity_id","uuid","false","false","","",""
"notifications","8","dedupe_key","text","false","false","","",""
"notifications","9","read_at","timestamp with time zone","true","false","","",""
"notifications","10","created_at","timestamp with time zone","false","false","","timezone('utc'::text, now())",""
"order_command_receipts","1","id","uuid","false","true","","gen_random_uuid()",""
"order_command_receipts","2","actor_id","uuid","false","false","public.profiles.id","",""
"order_command_receipts","3","order_id","uuid","false","false","public.orders.id","",""
"order_command_receipts","4","command","text","false","false","","",""
"order_command_receipts","5","idempotency_key","text","false","false","","",""
"order_command_receipts","6","result_status","order_status","false","false","","",""
"order_command_receipts","7","result_version","integer","false","false","","",""
"order_command_receipts","8","result_updated_at","timestamp with time zone","false","false","","",""
"order_command_receipts","9","created_at","timestamp with time zone","false","false","","timezone('utc'::text, now())",""
"order_evidence","1","id","uuid","false","true","","gen_random_uuid()",""
"order_evidence","2","order_id","uuid","false","false","public.orders.id","",""
"order_evidence","3","task_id","uuid","true","false","public.pickup_delivery_tasks.id","",""
"order_evidence","4","kind","text","false","false","","",""
"order_evidence","5","storage_path","text","false","false","","",""
"order_evidence","6","mime_type","text","false","false","","",""
"order_evidence","7","size_bytes","bigint","false","false","","",""
"order_evidence","8","sha256","text","false","false","","",""
"order_evidence","9","uploaded_by","uuid","false","false","public.profiles.id","",""
"order_evidence","10","created_at","timestamp with time zone","false","false","","timezone('utc'::text, now())",""
"order_evidence","11","complaint_id","uuid","true","false","public.complaints.id","",""
"order_items","1","id","uuid","false","true","","gen_random_uuid()",""
"order_items","2","order_id","uuid","false","false","public.orders.id","",""
"order_items","3","service_id","uuid","false","false","public.services.id","",""
"order_items","4","service_snapshot","jsonb","false","false","","",""
"order_items","5","estimated_qty","numeric(10,2)","false","false","","",""
"order_items","6","preference_snapshot","jsonb","false","false","","'{}'::jsonb",""
"order_items","7","created_at","timestamp with time zone","false","false","","timezone('utc'::text, now())",""
"order_items","8","actual_qty","numeric(10,2)","true","false","","",""
"order_status_history","1","id","uuid","false","true","","gen_random_uuid()",""
"order_status_history","2","order_id","uuid","false","false","public.orders.id","",""
"order_status_history","3","from_status","order_status","true","false","","",""
"order_status_history","4","to_status","order_status","false","false","","",""
"order_status_history","5","actor_id","uuid","true","false","public.profiles.id","",""
"order_status_history","6","reason_code","text","true","false","","",""
"order_status_history","7","note","text","true","false","","",""
"order_status_history","8","occurred_at","timestamp with time zone","false","false","","timezone('utc'::text, now())",""
"order_status_history","9","correlation_id","uuid","false","false","","",""
"order_status_history","10","metadata","jsonb","false","false","","'{}'::jsonb",""
"order_status_history","11","actor_role","user_role","true","false","","",""
"order_status_history","12","actor_type","text","false","false","","'USER'::text",""
"orders","1","id","uuid","false","true","","gen_random_uuid()",""
"orders","2","order_no","text","false","false","","",""
"orders","3","customer_id","uuid","false","false","public.profiles.id","",""
"orders","4","address_snapshot","jsonb","false","false","","",""
"orders","5","pickup_slot_id","uuid","false","false","public.pickup_slots.id","",""
"orders","6","status","order_status","false","false","","'PENDING_CONFIRMATION'::order_status",""
"orders","7","version","integer","false","false","","1",""
"orders","8","estimate_amount","numeric(14,2)","false","false","","",""
"orders","9","currency","text","false","false","","'IDR'::text",""
"orders","10","notes","text","true","false","","",""
"orders","11","idempotency_key","text","false","false","","",""
"orders","12","created_at","timestamp with time zone","false","false","","timezone('utc'::text, now())",""
"orders","13","updated_at","timestamp with time zone","false","false","","timezone('utc'::text, now())",""
"orders","14","confirmed_at","timestamp with time zone","true","false","","",""
"orders","15","pickup_scheduled_at","timestamp with time zone","true","false","","",""
"orders","16","pickup_started_at","timestamp with time zone","true","false","","",""
"orders","17","picked_up_at","timestamp with time zone","true","false","","",""
"orders","18","received_at","timestamp with time zone","true","false","","",""
"orders","19","rejected_at","timestamp with time zone","true","false","","",""
"orders","20","cancelled_at","timestamp with time zone","true","false","","",""
"orders","21","rejection_reason","text","true","false","","",""
"orders","22","cancellation_reason","text","true","false","","",""
"orders","23","weighed_at","timestamp with time zone","true","false","","",""
"orders","24","invoice_issued_at","timestamp with time zone","true","false","","",""
"orders","25","payment_expired_at","timestamp with time zone","true","false","","",""
"orders","26","paid_at","timestamp with time zone","true","false","","",""
"orders","27","processing_started_at","timestamp with time zone","true","false","","",""
"orders","28","processing_completed_at","timestamp with time zone","true","false","","",""
"orders","29","qc_started_at","timestamp with time zone","true","false","","",""
"orders","30","qc_completed_at","timestamp with time zone","true","false","","",""
"orders","31","ready_at","timestamp with time zone","true","false","","",""
"orders","32","delayed_at","timestamp with time zone","true","false","","",""
"orders","33","held_at","timestamp with time zone","true","false","","",""
"orders","34","delay_reason","text","true","false","","",""
"orders","35","hold_reason","text","true","false","","",""
"orders","36","resume_state","order_status","true","false","","",""
"orders","37","delivery_started_at","timestamp with time zone","true","false","","",""
"orders","38","delivered_at","timestamp with time zone","true","false","","",""
"orders","39","completed_at","timestamp with time zone","true","false","","",""
"payment_events","1","id","uuid","false","true","","gen_random_uuid()",""
"payment_events","2","payment_id","uuid","true","false","public.payments.id","",""
"payment_events","3","provider_event_id","text","false","false","","",""
"payment_events","4","signature_hash","text","false","false","","",""
"payment_events","5","normalized_status","payment_status","false","false","","",""
"payment_events","6","payload_redacted","jsonb","false","false","","",""
"payment_events","7","received_at","timestamp with time zone","false","false","","timezone('utc'::text, now())",""
"payment_events","8","processed_at","timestamp with time zone","true","false","","",""
"payment_events","9","result","text","false","false","","",""
"payments","1","id","uuid","false","true","","gen_random_uuid()",""
"payments","2","invoice_id","uuid","false","false","public.invoices.id","",""
"payments","3","attempt_no","integer","false","false","","",""
"payments","4","provider","text","false","false","","'MIDTRANS_SANDBOX'::text",""
"payments","5","method","payment_method","false","false","","",""
"payments","6","bank","text","true","false","","",""
"payments","7","provider_order_id","text","false","false","","",""
"payments","8","provider_transaction_id","text","true","false","","",""
"payments","9","status","payment_status","false","false","","'UNPAID'::payment_status",""
"payments","10","amount","numeric(14,2)","false","false","","",""
"payments","11","currency","text","false","false","","'IDR'::text",""
"payments","12","payment_instructions","jsonb","false","false","","'{}'::jsonb",""
"payments","13","expires_at","timestamp with time zone","true","false","","",""
"payments","14","paid_at","timestamp with time zone","true","false","","",""
"payments","15","failed_at","timestamp with time zone","true","false","","",""
"payments","16","failure_code","text","true","false","","",""
"payments","17","idempotency_key","text","false","false","","",""
"payments","18","created_at","timestamp with time zone","false","false","","timezone('utc'::text, now())",""
"payments","19","updated_at","timestamp with time zone","false","false","","timezone('utc'::text, now())",""
"pickup_delivery_tasks","1","id","uuid","false","true","","gen_random_uuid()",""
"pickup_delivery_tasks","2","order_id","uuid","false","false","public.orders.id","",""
"pickup_delivery_tasks","3","type","text","false","false","","'PICKUP'::text",""
"pickup_delivery_tasks","4","status","order_status","false","false","","",""
"pickup_delivery_tasks","5","assigned_admin_id","uuid","false","false","public.profiles.id","",""
"pickup_delivery_tasks","6","scheduled_at","timestamp with time zone","true","false","","",""
"pickup_delivery_tasks","7","started_at","timestamp with time zone","true","false","","",""
"pickup_delivery_tasks","8","arrived_at","timestamp with time zone","true","false","","",""
"pickup_delivery_tasks","9","completed_at","timestamp with time zone","true","false","","",""
"pickup_delivery_tasks","10","location_session_id","uuid","true","false","public.location_sessions.id","",""
"pickup_delivery_tasks","11","attempt_no","integer","false","false","","1",""
"pickup_delivery_tasks","12","created_at","timestamp with time zone","false","false","","timezone('utc'::text, now())",""
"pickup_delivery_tasks","13","updated_at","timestamp with time zone","false","false","","timezone('utc'::text, now())",""
"pickup_delivery_tasks","14","recipient_name","text","true","false","","",""
"pickup_delivery_tasks","15","delivery_method","text","true","false","","",""
"pickup_delivery_tasks","16","failure_reason","text","true","false","","",""
"pickup_delivery_tasks","17","failure_note","text","true","false","","",""
"pickup_slots","1","id","uuid","false","true","","gen_random_uuid()",""
"pickup_slots","2","service_area_id","uuid","false","false","public.service_areas.id","",""
"pickup_slots","3","starts_at","timestamp with time zone","false","false","","",""
"pickup_slots","4","ends_at","timestamp with time zone","false","false","","",""
"pickup_slots","5","capacity","integer","false","false","","",""
"pickup_slots","6","reserved_count","integer","false","false","","0",""
"pickup_slots","7","active","boolean","false","false","","true",""
"pickup_slots","8","created_at","timestamp with time zone","false","false","","timezone('utc'::text, now())",""
"pickup_slots","9","updated_at","timestamp with time zone","false","false","","timezone('utc'::text, now())",""
"profiles","1","id","uuid","false","true","auth.users.id","",""
"profiles","2","role","user_role","false","false","","'CUSTOMER'::user_role",""
"profiles","3","full_name","text","true","false","","",""
"profiles","4","phone","text","true","false","","",""
"profiles","5","status","profile_status","false","false","","'ACTIVE'::profile_status",""
"profiles","6","created_at","timestamp with time zone","false","false","","timezone('utc'::text, now())",""
"profiles","7","updated_at","timestamp with time zone","false","false","","timezone('utc'::text, now())",""
"quality_checks","1","id","uuid","false","true","","gen_random_uuid()",""
"quality_checks","2","order_id","uuid","false","false","public.orders.id","",""
"quality_checks","3","attempt_no","integer","false","false","","1",""
"quality_checks","4","checklist","jsonb","false","false","","",""
"quality_checks","5","result","qc_result","false","false","","",""
"quality_checks","6","reason","text","true","false","","",""
"quality_checks","7","inspector_id","uuid","false","false","public.profiles.id","",""
"quality_checks","8","created_at","timestamp with time zone","false","false","","timezone('utc'::text, now())",""
"reviews","1","id","uuid","false","true","","gen_random_uuid()",""
"reviews","2","order_id","uuid","false","false","public.orders.id","",""
"reviews","3","customer_id","uuid","false","false","public.profiles.id","",""
"reviews","4","rating","integer","false","false","","",""
"reviews","5","comment","text","true","false","","",""
"reviews","6","version","integer","false","false","","1",""
"reviews","7","editable_until","timestamp with time zone","false","false","","",""
"reviews","8","created_at","timestamp with time zone","false","false","","timezone('utc'::text, now())",""
"reviews","9","updated_at","timestamp with time zone","false","false","","timezone('utc'::text, now())",""
"service_areas","1","id","uuid","false","true","","gen_random_uuid()",""
"service_areas","2","name","text","false","false","","",""
"service_areas","3","geojson","jsonb","false","false","","",""
"service_areas","4","active","boolean","false","false","","true",""
"service_areas","5","created_at","timestamp with time zone","false","false","","timezone('utc'::text, now())",""
"service_areas","6","updated_at","timestamp with time zone","false","false","","timezone('utc'::text, now())",""
"service_price_versions","1","id","uuid","false","true","","gen_random_uuid()",""
"service_price_versions","2","service_id","uuid","false","false","public.services.id","",""
"service_price_versions","3","unit_price","numeric(14,2)","false","false","","",""
"service_price_versions","4","minimum_charge","numeric(14,2)","false","false","","",""
"service_price_versions","5","effective_from","timestamp with time zone","false","false","","",""
"service_price_versions","6","effective_to","timestamp with time zone","true","false","","",""
"service_price_versions","7","created_by","uuid","true","false","public.profiles.id","",""
"service_price_versions","8","created_at","timestamp with time zone","false","false","","timezone('utc'::text, now())",""
"services","1","id","uuid","false","true","","gen_random_uuid()",""
"services","2","code","text","false","false","","",""
"services","3","name","text","false","false","","",""
"services","4","unit","service_unit","false","false","","",""
"services","5","duration_hours","integer","false","false","","",""
"services","6","active","boolean","false","false","","true",""
"services","7","created_at","timestamp with time zone","false","false","","timezone('utc'::text, now())",""
"services","8","updated_at","timestamp with time zone","false","false","","timezone('utc'::text, now())",""
"support_command_receipts","1","id","uuid","false","true","","gen_random_uuid()",""
"support_command_receipts","2","actor_id","uuid","false","false","public.profiles.id","",""
"support_command_receipts","3","aggregate_type","text","false","false","","",""
"support_command_receipts","4","aggregate_id","uuid","false","false","","",""
"support_command_receipts","5","order_id","uuid","false","false","public.orders.id","",""
"support_command_receipts","6","command","text","false","false","","",""
"support_command_receipts","7","idempotency_key","text","false","false","","",""
"support_command_receipts","8","result_version","integer","false","false","","",""
"support_command_receipts","9","created_at","timestamp with time zone","false","false","","timezone('utc'::text, now())",""
