"wbs","activity","review_status","evidence_notes","proposed_pic","artifact_review_date","wbs_original_updated"
"2.1","Analisis Requirement BA","Ready for review","Product requirements dan RTM ada; mismatch blueprint/schema TS-03 TS-04","System Analyst","2026-10-08","NO"
"2.2","Perancangan System Architecture","Ready for review","Draw.io 01/10, stack Next.js/Supabase/Vercel; integrations need proof","System Analyst","2026-10-08","NO"
"2.3","Pembuatan System Flow","Ready for review","Draw.io 07/11/17; golden path & exceptions blueprint","System Analyst","2026-10-08","NO"
"2.4","Perancangan ERD","Ready for review","Draw.io 02–06; actual 28 tables, 47 FKs","System Analyst","2026-10-08","NO"
"2.5","Perancangan Database Schema","Ready for review","323-column Data Dictionary, 199 constraints, 47 FKs","System Analyst","2026-10-08","NO"
"2.6","Authentication & Role Design","Completed in original WBS","Roles and RLS design documented; no runtime cross-role test yet","System Analyst","2026-10-08","NO"
"2.7","Transaction Flow Design","Ready with findings","Activity + sequence; code M0-M4 vs DB M10 mismatch TS-01","System Analyst","2026-10-08","NO"
"2.8","Shipping & Distance Logic Design","Decision required","Geofence implemented, ongkir per distance unspecified TS-05","System Analyst","2026-10-08","NO"
"2.9","Payment & QRIS Flow Design","Design ready, implementation gap","Sequence page 14, DB payment RPC present, API main gap TS-06","System Analyst","2026-10-08","NO"
"2.10","Order Status & Tracking Design","Ready with findings","State and tracking diagrams, enum mismatch TS-04, realtime TS-07","System Analyst","2026-10-08","NO"
"2.11","Technical Specification Review","Review documented; approval pending","Review notes and action register, awaiting formal signoff TS-10","System Analyst","2026-10-08","NO"
